"","ambigAbsent","extraState","inapplicable"
"rf.areas",1.3717933154229,0.948370074208105,1
"qt.areas",1.86928046301221,0.223741120623052,1
