"","ambigAbsent","extraState","inapplicable"
"rf.areas",0.442623073791444,0.187608210403106,1
"qt.areas",0.632842463986472,0.246801581342768,1
