"","ambigAbsent","extraState","inapplicable"
"rf.areas",0.00118234320244663,1.36098008003642,1
"qt.areas",0.00173678585554856,0.683029071716868,1
