"","ambigAbsent","extraState","inapplicable"
"rf.areas",0.408815618295667,0.682489105074094,1
"qt.areas",0.51047188401801,0.640897348875206,1
