"","ambigAbsent","extraState","inapplicable"
"rf.areas",2.0309756135547,6.29771081819869,1
"qt.areas",25.4517240839997,18.6667964402447,1
