"","ambigAbsent","extraState","inapplicable"
"rf.areas",0.18359693397949,1.36327494782401,1
"qt.areas",1.00724439568411,7.62766422030655,1
