"","ambigAbsent","extraState","inapplicable"
"rf.areas",0.0805749331677321,0.496105929473812,1
"qt.areas",0.0117612798127704,0.269875383112666,1
