"","ambigAbsent","extraState","inapplicable"
"rf.areas",2.28872100164047,5.27062009427482,1
"qt.areas",57.0223174249089,89.6891837187938,1
