"","ambigAbsent","extraState","inapplicable"
"rf.areas",0.278918520036271,0.569980859608959,1
"qt.areas",0.999999862913826,1.0147720780591,1
