"","ambigAbsent","extraState","inapplicable"
"rf.areas",0.183022122583653,0.0177292315861187,1
"qt.areas",0.616078783971926,0.0235077922286191,1
