"","ambigAbsent","extraState","inapplicable"
"rf.areas",0.0154046386490566,0.736824687407969,1
"qt.areas",3.5451531682378e-06,0.0996302231742665,1
