"","ambigAbsent","extraState","inapplicable"
"rf.areas",0.177136297258018,1.34122898706593,1
"qt.areas",0.583908574816984,0.628145648592211,1
