"","ambigAbsent","extraState","inapplicable"
"rf.areas",1.13238070685312,1.31037565968726,1
"qt.areas",1.06273761329664,1.10647248631398,1
