"","ambigAbsent","extraState","inapplicable"
"rf.areas",0.66826350869669,0.0918549622686394,1
"qt.areas",0.110352669753691,0.101108298722549,1
