"","ambigAbsent","extraState","inapplicable"
"rf.areas",0.0920605180170953,0.173190500420237,1
"qt.areas",412.649353315961,1.80941507666366,1
