"","ambigAbsent","extraState","inapplicable"
"rf.areas",0.859608422496958,0.610419887147337,1
"qt.areas",1.14511525666627,8.56354235544643e-05,1
