"","ambigAbsent","extraState","inapplicable"
"rf.areas",0.697351487738653,0.17214136816818,1
"qt.areas",1.38228771683092,1.86953092578758,1
