"","ambigAbsent","extraState","inapplicable"
"rf.areas",0.0585742259858982,0.197075020407583,1
"qt.areas",21.5477236543851,58.7396923729004,1
