"","ambigAbsent","extraState","inapplicable"
"rf.areas",2.4050023574037,1.48535327528204,1
"qt.areas",0.0154230261526869,0.530434082669328,1
