"","ambigAbsent","extraState","inapplicable"
"rf.areas",4.35932998441452,1.1156462438886,1
"qt.areas",833.961268752967,142.020014574101,1
