"","ambigAbsent","extraState","inapplicable"
"rf.areas",0.335385880456809,1.68960998758593,1
"qt.areas",1.09246462995922,0.543625273628145,1
