"","ambigAbsent","extraState","inapplicable"
"rf.areas",1.09326800402112,6.58602895904063,1
"qt.areas",1.94147802864017,0.925575619986884,1
