"","ambigAbsent","extraState","inapplicable"
"rf.areas",2.63461327319526,1.70296452430301,1
"qt.areas",0.108993797726437,0.0531303758645756,1
